Test Case Name,Status ,Time, Timestamp
Social Media Integration,Pass,6,1/25/2024 11:30:00 AM
Account Settings Modification,Pass,4,1/25/2024 12:00:00 PM
Notification Handling,Fail,8,1/25/2024 12:45:00 PM
GPS Functionality - Valid Location,Pass,5,1/25/2024 1:30:00 PM
GPS Functionality - Invalid Location,Fail,7,1/25/2024 2:15:00 PM
App Load Time,Pass,3,1/25/2024 3:00:00 PM
Background/Foreground Transitions,Pass,6,1/25/2024 3:45:00 PM
Installation and Launch Testing,Fail,10,1/25/2024 4:30:00 PM
Interrupt Testing - Incoming Call,Pass,4,1/25/2024 5:15:00 PM
Interrupt Testing - SMS,Fail,9,1/25/2024 6:00:00 PM
Usability - Accessibility,Pass,5,1/25/2024 6:45:00 PM
Usability - UI/UX Design Consistency,Pass,4,1/25/2024 7:30:00 PM
Cross-Device Compatibility - iOS,Pass,7,1/25/2024 8:15:00 PM
Cross-Device Compatibility - Android,Pass,6,1/25/2024 9:00:00 PM
Performance - Network Speed Variation,Pass,5,1/25/2024 9:45:00 PM
Performance - CPU Usage,Fail,8,1/25/2024 10:30:00 PM
Security - Data Encryption,Pass,6,1/25/2024 11:15:00 PM
Security - Authentication Mechanism,Pass,4,1/26/2024 12:00:00 AM
Compatibility - iOS Latest Version,Pass,5,1/26/2024 12:45:00 AM
